id,age_in_days,activity_in_days,hp_overlap_rate,n_ips_reported
42266,116,116,0.04,3636
11213,211,157,0.31,1555
87345,30,28,0.09,70
85892,32,31,0.71,136
9695,240,234,0.02,17932
27251,162,153,0.21,780
100051,23,16,0.61,33
97361,24,21,0.03,63
93185,26,26,0.02,473
290,378,341,0.16,1011
81404,38,38,0.25,151
60845,78,64,0.29,205
100355,22,16,0.64,39
85496,32,32,0.05,361
95000,25,25,0.1,434
11058,232,219,0.24,2105
100347,23,21,0.43,47
82528,37,37,0.06,217
298,376,368,0.13,1834
86785,31,31,0.04,767
74904,46,28,0.33,43
94901,25,25,0.04,552
91502,4,4,0.07,14
58040,84,84,0.13,346
6395,253,247,0.22,2118
48239,104,99,0.23,291
85332,30,22,0.67,36
20882,198,134,0.18,808
101611,1,1,0.0,1
92954,26,20,0.0,39
39362,122,79,0.24,1440
101865,1,1,0.0,1
69590,59,59,0.24,947
43982,114,111,0.15,147
43983,114,114,0.25,101
44741,113,113,0.03,1111
42299,115,114,0.09,265
43984,114,110,0.18,121
44114,114,105,0.2,227
43883,114,109,0.08,303
43985,114,101,0.1,234
92097,25,22,0.12,48
95332,25,25,0.07,97
58172,84,84,0.37,234
3589,278,272,0.17,2768
73715,49,49,0.3,585
87741,30,25,0.1,62
53651,92,88,0.03,637
10025,239,219,0.39,247
90413,27,26,0.13,123
20387,199,191,0.2,413
521,338,332,0.27,1703
83681,35,35,0.18,128
36128,129,123,0.28,302
78104,42,35,0.32,62
50120,100,99,0.45,350
81734,33,33,0.29,94
100614,1,1,0.0,2
42332,116,116,0.07,1211
45995,109,93,0.2,625
60680,79,68,0.22,135
18968,206,200,0.26,606
20453,199,193,0.14,4465
77084,43,43,0.04,1385
95562,9,9,0.4,146
23225,183,183,0.03,12364
94640,25,25,0.12,1861
101402,1,1,0.0,1
30056,151,143,0.01,8330
58535,83,83,0.14,2111
87543,30,30,0.13,358
46325,109,91,0.3,155
85002,33,33,0.13,252
88664,29,29,0.17,124
80975,38,38,0.07,401
42530,116,112,0.37,297
86321,31,31,0.0,70
101617,1,1,0.0,1
101601,1,1,0.0,1
458,348,342,0.05,4000
64277,70,35,0.43,54
13358,224,197,0.46,594
79,393,259,0.32,576
51968,90,61,0.28,82
11477,229,196,0.07,367
31805,142,142,0.13,1616
52694,93,49,0.34,67
800,308,114,0.23,219
320,371,365,0.32,1987
85497,32,29,0.18,93
26591,164,164,0.14,1092
74342,39,39,0.28,260
3898,274,230,0.08,809
43718,114,114,0.02,2423
72795,51,51,0.26,373
48206,102,87,0.18,173
99895,1,1,0.0,2
41870,116,100,0.29,250
11345,229,178,0.19,324
98,394,322,0.1,718
92591,26,26,0.58,98
101052,1,1,0.0,1
70877,55,55,0.07,484
85991,28,26,0.42,53
100654,1,1,0.0,2
87146,25,11,0.09,11
98342,23,19,0.53,47
70020,57,47,0.27,109
93218,26,26,0.13,599
97051,7,5,0.54,24
95759,18,18,0.2,64
27119,162,162,0.2,1073
25238,169,169,0.43,823
95429,25,25,0.39,511
39032,122,121,0.19,346
24743,173,162,0.44,236
47,400,386,0.02,121623
26855,163,163,0.37,606
26856,163,163,0.18,5900
71903,52,52,0.18,268
57479,85,84,0.18,302
39264,122,122,0.43,585
61835,74,74,0.19,236
35633,131,108,0.33,271
688,323,114,0.44,129
100949,1,1,0.0,2
56225,87,87,0.33,424
13523,218,106,0.77,131
49031,101,62,0.35,265
801,311,305,0.18,1690
64805,68,68,0.1,628
94840,25,25,0.11,323
437,352,346,0.31,2175
91935,6,6,0.3,44
19067,205,193,0.5,567
97937,18,17,0.0,63
37448,119,119,0.0,7
394,357,337,0.16,1587
100963,23,23,0.17,189
49097,102,102,0.14,1345
90182,27,26,0.43,72
28406,157,135,0.8,267
94639,25,25,0.08,1514
57710,82,53,0.69,70
22103,186,181,0.51,648
39890,119,47,0.41,34
38735,123,94,0.43,202
590,332,249,0.08,13366
413,355,349,0.14,1628
43322,115,115,0.04,6509
101436,1,1,0.0,1
94142,23,15,0.29,24
96617,24,24,0.25,68
100945,1,1,0.0,1
43553,115,115,0.04,3921
85397,32,32,0.44,133
101439,1,1,0.0,1
11059,214,78,0.4,249
96782,5,5,0.36,11
95066,25,25,0.09,1023
49394,86,86,0.26,425
30584,149,147,0.36,361
36029,130,130,0.21,1040
55136,83,83,0.4,235
20090,201,190,0.33,457
69293,59,59,0.19,474
19793,202,172,0.27,509
52727,84,81,0.47,213
51869,96,83,0.35,181
44807,113,110,0.51,256
59327,82,79,0.4,194
37085,128,122,0.38,544
88301,29,29,0.49,104
78632,41,41,0.44,118
19232,206,189,0.35,378
54212,91,89,0.42,193
65597,67,67,0.21,438
92492,26,26,0.55,71
19925,202,116,0.45,525
69326,59,52,0.44,121
88532,8,8,0.38,100
76125,25,7,0.17,18
62495,74,66,0.33,137
30320,149,148,0.29,349
99756,1,1,0.0,1
100445,1,1,0.0,1
63287,73,73,0.13,1952
3505,280,123,0.48,274
8705,242,236,0.12,804
96155,25,25,0.04,380
92426,21,13,0.71,7
100953,1,1,0.0,1
62693,74,63,0.83,63
72725,51,51,0.15,327
770,311,267,0.25,578
16691,213,191,0.13,615
68072,62,46,0.26,89
101933,1,1,0.0,1
100511,1,1,0.0,1
60813,78,63,0.21,429
100655,1,1,0.0,2
89060,23,20,0.23,53
37217,111,111,0.24,1669
1029,293,127,0.08,2842
45104,112,112,0.08,2414
97047,6,3,0.38,13
100951,1,1,0.0,1
91205,26,26,0.59,110
49526,101,101,0.06,5480
76025,44,44,0.16,374
761,313,307,0.16,2382
79853,39,26,0.47,32
6362,254,240,0.11,5606
77081,43,43,0.39,370
15866,215,209,0.17,854
94143,25,23,0.13,30
86783,31,29,0.11,53
4515,265,259,0.13,1585
34478,134,132,0.4,497
100447,1,1,0.0,2
13160,224,212,0.23,871
92,380,363,0.25,2502
21806,194,165,0.44,309
94175,25,25,0.11,278
31442,143,142,0.13,749
71636,53,53,0.19,540
94638,25,25,0.39,132
39560,121,121,0.52,363
90548,27,27,0.51,89
91535,26,22,0.45,47
87575,12,12,0.23,26
79656,40,40,0.29,154
98037,15,15,0.03,285
78236,42,38,0.33,51
785,311,212,0.17,1375
76192,44,42,0.16,770
75860,44,44,0.34,565
101633,21,7,0.0,6
91601,8,6,0.0,7
49757,101,101,0.25,421
3899,274,254,0.16,2723
100181,8,4,0.75,12
101508,1,1,0.0,1
99789,19,10,0.4,10
2072,287,108,0.57,92
67973,62,60,0.19,64
76685,44,44,0.04,2053
55829,72,72,0.1,876
84473,33,33,0.53,104
36854,128,75,0.3,105
6626,251,233,0.18,2294
96254,25,23,0.1,62
101615,23,21,0.71,41
82494,37,37,0.43,83
83351,35,35,0.29,253
100952,1,1,0.0,2
96386,24,21,0.18,68
29891,152,152,0.12,1288
45500,110,110,0.13,975
101511,1,1,0.0,1
100646,1,1,0.0,1
101616,1,1,0.0,1
95264,25,25,0.04,309
20,407,385,1.0,6405
100960,23,12,0.33,21
58,396,351,0.15,3944
75101,45,45,0.2,600
101567,12,7,0.14,7
82362,37,37,0.2,123
67874,62,61,0.33,276
721,317,240,0.27,501
35039,112,46,0.0,44
86453,31,31,0.0,12179
65663,66,66,0.07,652
81899,37,37,0.2,203
382,358,351,0.04,3580
47018,107,107,0.18,850
11543,228,219,0.14,1454
86784,31,31,0.08,153
93482,26,26,0.12,188
100842,23,23,0.05,79
22598,186,176,0.24,612
78863,41,41,0.34,403
77016,43,43,0.02,653
100248,23,23,0.05,97
1611,289,244,0.47,967
99888,1,1,0.0,2
39989,102,102,0.34,245
101046,1,1,0.0,1
493,343,332,0.28,1465
84935,33,33,0.08,542
54146,91,76,0.2,356
101171,23,23,0.12,211
100352,23,23,0.39,71
94043,25,25,0.08,36
97477,24,21,0.2,45
67907,62,55,0.35,143
69128,60,55,0.28,427
71934,52,52,0.01,1046
60581,78,61,0.3,104
34874,133,130,0.53,404
69591,59,59,0.23,860
95863,25,22,0.35,40
101337,1,1,0.0,1
99920,7,3,0.88,8
28373,158,156,0.15,1127
49427,102,102,0.08,566
99884,1,1,0.0,2
672,324,318,0.35,1647
63386,73,73,0.11,570
101963,23,23,0.36,122
101618,1,1,0.0,1
83747,35,35,0.2,1253
51770,96,96,0.05,1187
4259,267,258,0.41,739
101047,1,1,0.0,1
77313,43,31,0.54,35
78005,42,42,0.15,903
625,329,316,0.31,820
73913,48,48,0.1,858
96452,9,7,0.62,13
28670,155,123,0.43,127
71966,52,42,0.1,209
100280,5,3,0.35,20
99653,14,14,0.36,45
100216,9,6,0.29,35
101909,1,1,0.0,2
95298,25,25,0.13,228
74210,47,47,0.08,236
66356,64,58,0.28,240
66488,65,18,0.24,54
81437,38,29,0.11,9
30287,150,146,0.18,913
34577,133,110,0.21,150
48734,100,100,0.1,440
96947,24,24,0.12,369
101941,1,1,0.0,1
67,381,367,0.06,1342
82197,37,37,0.15,242
75926,44,41,0.66,163
95826,23,23,0.02,55
603,331,325,0.26,2193
76256,44,41,0.14,128
41277,117,100,0.22,2226
39461,122,93,0.27,160
25832,166,151,0.54,192
97838,24,18,0.14,28
87476,30,26,0.09,102
91141,26,26,0.42,165
17780,212,197,0.32,990
26,407,385,1.0,5556
58898,82,81,0.08,702
56457,87,87,0.19,479
77378,43,43,0.18,148
101936,1,1,0.0,2
100808,2,2,0.0,1
98566,3,3,0.04,27
11609,228,222,0.15,1219
79292,41,41,0.27,294
35700,131,65,0.4,82
18638,207,201,0.4,823
101733,22,22,0.26,101
94307,25,24,0.16,56
159,390,383,0.15,5337
101996,22,22,0.51,61
101906,1,1,0.0,2
39725,121,104,0.36,364
75959,44,44,0.39,199
39692,121,120,0.34,404
88829,29,21,0.26,23
81965,25,25,0.42,236
27812,159,117,0.21,212
77543,43,43,0.29,415
10190,238,208,0.38,230
72989,51,51,0.2,535
98960,23,23,0.02,2951
633,327,317,0.19,2802
68666,61,61,0.09,721
74243,47,42,0.1,103
97871,24,24,0.19,99
67742,63,63,0.15,1014
60284,79,79,0.24,454
101369,1,1,0.0,1
52496,94,90,0.08,277
101575,1,1,0.0,1
100351,5,5,0.05,20
91142,26,26,0.53,34
86288,30,14,0.17,53
99919,1,1,0.0,2
58601,83,81,0.1,547
48371,103,80,0.12,167
171,389,370,0.01,5235
57644,85,85,0.44,230
38900,122,122,0.16,1831
8111,238,43,0.06,36
91833,24,5,0.0,6
797,309,300,0.12,868
99786,22,21,0.15,111
10982,234,228,0.23,1441
14282,220,210,0.3,462
66191,66,66,0.44,212
30914,146,146,0.17,2429
94637,25,25,0.12,865
101901,1,1,0.0,2
18374,208,182,0.26,338
75629,45,45,0.07,512
701,319,193,0.35,251
75233,45,32,0.27,44
95827,25,24,0.35,23
24218,178,139,0.09,1288
90578,25,25,0.06,66
69227,57,21,0.73,11
78238,39,23,0.28,32
88765,29,29,0.26,248
18375,209,194,0.14,741
101501,1,1,0.0,1
13094,224,215,0.09,2470
62429,58,58,0.05,1486
100676,1,1,0.0,2
74046,47,47,0.1,348
38571,123,106,0.41,253
86387,31,31,0.03,348
7319,248,232,0.09,2499
85199,33,26,0.93,28
6098,254,248,0.13,1497
23753,182,180,0.36,434
81768,22,22,0.37,163
69789,58,58,0.22,708
14250,220,175,0.39,934
63716,71,59,0.03,687
97212,9,9,0.55,11
99753,1,1,0.0,1
100115,7,4,0.36,11
99764,1,1,0.0,2
100313,23,23,0.02,717
75366,45,31,0.42,45
4003,270,264,0.14,1674
263,382,368,0.18,2800
66917,63,57,0.42,205
83549,35,34,0.42,57
98341,3,3,0.0,1
13292,224,149,0.1,399
99768,1,1,0.0,1
99323,23,23,0.07,431
100247,2,2,0.0,0
101435,1,1,0.0,1
80018,23,20,0.81,32
93977,25,25,0.04,316
32960,138,138,0.03,6311
192,387,378,0.17,1344
66027,66,66,0.13,1801
79061,41,35,0.08,83
18639,207,201,0.26,526
99769,1,1,0.0,1
3999,269,240,0.06,6470
100379,23,23,0.24,687
100116,23,23,0.08,261
39956,121,121,0.12,811
100350,23,23,0.45,58
101568,1,1,0.0,1
100944,1,1,0.0,2
88004,30,29,0.4,179
20123,201,183,0.07,2365
98069,24,22,0.79,42
86420,31,31,0.2,298
74639,46,22,0.37,62
93053,26,20,0.38,113
95132,25,25,0.03,203
96650,24,23,0.08,74
13853,222,216,0.09,2510
60350,78,74,0.62,91
310,373,367,0.09,3413
40220,120,120,0.21,250
61472,77,77,0.08,388
83582,35,23,0.18,39
21443,195,124,0.35,209
40485,119,73,0.24,86
9002,241,225,0.27,934
55400,88,81,0.37,111
91934,26,26,0.45,170
102029,1,1,0.29,404
95563,25,25,0.09,274
101934,1,1,0.0,1
71537,53,53,0.16,532
72693,51,41,0.46,250
69029,60,60,0.07,1038
52826,93,93,0.11,789
58932,82,76,0.12,276
33093,138,138,0.0,6848
72796,51,51,0.09,600
53057,89,69,0.29,118
101577,1,1,0.0,2
43157,115,115,0.02,6573
6989,249,225,0.11,2217
29264,155,153,0.24,445
24413,176,174,0.13,2184
37316,127,92,0.15,1997
100948,1,1,0.0,2
94769,22,22,0.1,153
329,370,364,0.28,2778
37415,127,127,0.02,1815
91173,26,26,0.13,569
55367,88,88,0.12,339
75102,45,39,0.29,202
48,400,371,1.0,6137
87509,30,30,0.02,1041
94671,25,25,0.11,433
60086,80,80,0.17,628
70844,55,55,0.19,656
100050,1,1,0.0,1
101072,1,1,0.0,1
100956,1,1,0.0,1
19166,206,194,0.53,100
94906,25,25,0.14,344
100320,23,23,0.65,85
52397,94,94,0.2,340
702,320,269,0.39,1018
391,358,284,0.23,560
89555,28,28,0.12,282
95825,25,25,0.2,303
46820,108,96,0.4,232
101470,1,1,0.0,1
64409,62,55,0.48,100
568,335,293,0.22,858
56588,87,87,0.18,862
75728,43,38,0.93,42
93713,24,24,0.42,83
8012,247,241,0.31,1449
101608,1,1,0.0,2
34346,135,135,0.13,1385
101570,1,1,0.0,0
64640,69,67,0.17,202
44015,114,112,0.23,291
1005,295,264,0.16,847
76388,44,44,0.18,866
294,377,369,0.08,4872
904,300,292,0.13,1427
100743,1,1,0.0,2
58832,82,80,0.09,242
15569,217,209,0.25,694
87872,26,14,0.07,27
43355,115,72,0.52,103
99758,1,1,0.0,1
97938,24,23,0.02,2153
92724,26,26,0.21,392
21410,196,146,0.17,569
63122,73,73,0.05,1121
55334,66,5,0.14,7
119,393,379,0.3,400
16988,213,130,0.31,196
78533,42,29,0.31,70
75299,45,43,0.35,197
70448,46,43,0.06,122
84572,33,33,0.32,333
63947,70,68,0.04,210
94241,25,25,0.1,297
12500,226,185,0.25,533
101438,1,1,0.0,1
60053,79,55,0.04,70
83978,35,35,0.23,349
94244,10,10,0.18,45
32004,141,111,0.33,132
78501,42,42,0.32,248
98531,18,17,0.24,58
344,366,238,0.02,529
51209,97,70,0.13,1375
91304,26,26,0.34,505
63056,72,57,0.07,96
10355,238,231,0.22,1061
350,363,356,0.24,1044
73320,50,41,0.38,515
76355,44,44,0.4,237
58933,82,82,0.06,3033
101580,1,1,0.0,0
238,383,305,0.28,800
101905,1,1,0.0,2
101055,1,1,0.0,1
100354,23,23,0.67,67
4716,264,104,0.16,506
100955,1,1,0.0,1
49460,101,101,0.05,1037
44477,113,113,0.01,1267
561,336,327,0.02,20083
79722,39,34,0.21,39
99896,1,1,0.0,2
73254,33,25,0.14,71
22202,186,171,0.24,242
83088,36,36,0.07,952
6032,254,248,0.31,965
13854,222,154,0.08,590
2138,286,184,0.09,930
49295,102,102,0.16,1459
39297,122,117,0.54,155
96089,25,25,0.09,95
21015,197,136,0.19,1122
45533,110,110,0.47,329
59822,63,59,0.02,194
100973,23,23,0.24,152
77083,43,43,0.1,1887
101619,21,21,0.31,75
49856,98,61,0.49,69
99918,1,1,0.0,2
97478,11,8,0.1,10
93945,25,21,0.09,58
35732,130,125,0.37,174
96683,24,20,0.36,39
45434,110,107,0.08,448
23093,178,109,0.63,317
23423,182,132,0.24,209
90248,27,27,0.05,694
2204,286,89,0.18,334
57677,85,84,0.14,415
94674,25,25,0.16,327
72296,52,52,0.03,588
43124,115,115,0.02,6605
11545,228,222,0.04,6522
480,344,105,0.12,101
52100,95,95,0.11,955
101931,15,9,0.07,55
28275,158,115,0.15,744
100940,1,1,0.0,1
61736,76,74,0.33,354
38504,123,118,0.05,1662
70019,57,50,0.14,111
81701,38,36,0.26,581
72857,51,51,0.44,437
99027,2,2,0.4,5
91668,25,25,0.16,153
55202,88,81,0.19,157
31872,142,142,0.15,623
90809,27,24,0.24,98
57281,86,52,0.57,65
53585,92,90,0.32,192
52628,93,54,0.57,86
65036,66,43,0.21,58
52793,94,72,0.26,121
83087,24,23,0.25,52
52794,94,70,0.32,104
52629,94,94,0.17,471
52497,93,78,0.33,135
37745,125,106,0.21,580
56291,87,87,0.03,2228
64904,68,68,0.03,6384
100961,1,1,0.0,1
64607,68,61,0.35,151
34676,133,129,0.06,1457
60911,78,58,0.04,226
88037,15,15,0.12,159
80480,39,39,0.02,360
91074,27,27,0.05,260
79127,41,33,0.33,43
18803,207,201,0.25,572
64673,69,61,0.32,198
92096,26,24,0.58,55
27944,148,95,0.0,10
53090,93,63,0.4,63
101204,1,1,0.0,1
101138,23,23,0.38,244
100413,23,23,0.66,82
71504,53,53,0.12,172
80117,39,31,0.4,50
4005,270,250,0.17,2226
26954,153,123,0.54,211
9266,241,189,0.02,11661
100954,1,1,0.0,2
16460,213,207,0.12,1008
19364,205,199,0.13,2094
87972,30,30,0.67,75
18935,206,197,0.34,513
60647,79,63,0.13,103
73088,41,26,0.73,33
36458,128,121,0.22,353
101930,1,1,0.0,2
32102,141,105,0.26,188
55433,88,68,0.15,119
19694,203,156,0.47,577
97049,15,15,0.3,419
100648,1,1,0.0,1
101006,23,23,0.66,71
98696,24,24,0.06,288
101942,1,1,0.0,1
101607,1,1,0.0,1
492,343,85,0.09,204
43025,115,115,0.13,1677
75596,45,45,0.53,152
4019,270,263,0.27,662
37482,126,125,0.06,669
98340,24,23,0.49,68
87740,30,30,0.55,80
92859,26,26,0.37,207
100758,1,1,0.0,2
187,388,273,0.13,918
82031,37,22,0.0,43
101507,1,1,0.0,1
553,337,320,0.34,552
60483,67,67,0.26,229
53,397,391,1.0,5011
22107,186,133,0.18,1071
38999,122,122,0.05,2255
92725,26,26,0.11,85
19002,206,148,0.22,2749
56324,87,87,0.01,2420
900,300,94,0.42,184
77114,43,43,0.04,887
101634,23,20,0.66,70
88367,29,29,0.01,5447
82262,37,37,0.21,554
39428,122,120,0.37,380
692,321,292,0.44,377
53652,92,92,0.14,695
61274,77,77,0.12,733
48833,103,78,0.28,145
79754,40,38,0.3,126
91073,27,27,0.09,282
75662,45,44,0.31,96
99765,1,1,0.0,1
40088,101,33,0.06,36
94836,25,25,0.11,659
98927,24,24,0.37,389
96848,24,24,0.07,2052
77082,43,43,0.3,133
76984,43,43,0.1,766
38834,123,119,0.21,324
22434,185,135,0.25,346
57875,85,85,0.15,496
90908,27,27,0.31,209
33983,136,132,0.05,790
97409,24,24,0.22,121
77774,39,28,0.13,38
3626,277,267,0.14,1182
49889,100,94,0.38,247
72758,51,51,0.12,583
90679,25,25,0.03,239
100756,1,1,0.0,2
33423,121,108,0.54,367
75634,45,45,0.32,459
90546,20,20,0.01,441
91832,26,26,0.11,267
90348,27,27,0.07,420
58238,82,65,0.58,62
724,317,152,0.15,423
343,367,294,0.15,3191
729,316,202,0.44,291
100907,10,10,0.12,59
66127,66,66,0.05,728
77213,43,43,0.26,229
58766,83,83,0.37,209
46655,108,99,0.35,186
86090,32,32,0.49,152
41311,117,104,0.39,337
229,384,378,0.1,2752
72792,50,42,0.15,93
82361,37,37,0.37,228
39298,121,115,0.3,276
86156,32,29,0.21,128
435,352,333,0.17,2522
75433,45,39,0.56,80
101606,1,1,0.0,1
84242,34,34,0.12,325
100016,1,1,0.0,0
41376,117,114,0.23,443
99894,1,1,0.0,2
24227,177,133,0.43,358
57743,84,34,0.27,48
99686,23,23,0.05,164
786,312,286,0.22,681
98432,24,24,0.18,183
764,313,272,0.33,1495
29792,143,143,0.27,1211
62528,74,74,0.28,634
77048,43,43,0.17,2998
58997,77,36,0.15,1684
47777,105,82,0.13,219
35204,130,111,0.44,363
30156,151,150,0.35,713
26987,162,162,0.23,1488
33620,137,137,0.34,1018
30518,149,149,0.23,1054
86255,31,31,0.46,160
95861,25,24,0.02,234
191,387,379,0.17,3499
101897,1,1,0.0,1
101584,1,1,0.0,0
90644,7,7,0.27,55
64871,68,67,0.06,453
39462,122,122,0.39,421
12967,225,183,0.45,199
51605,96,83,0.18,174
90677,27,23,0.55,40
17846,211,205,0.08,1117
262,365,356,0.05,215
3892,275,256,0.15,1096
28241,157,120,0.76,324
11312,230,223,0.16,723
7385,248,242,0.4,1126
4514,265,259,0.24,1695
101904,1,1,0.0,2
46589,108,108,0.36,374
100962,23,20,0.21,39
73451,50,50,0.14,485
454,348,342,0.1,3221
81668,28,28,0.38,307
101509,1,1,0.0,1
44378,113,112,0.16,472
28868,156,156,0.04,11550
86486,31,21,0.33,39
91667,26,26,0.44,27
71834,52,52,0.3,134
55402,87,20,0.19,21
85925,32,32,0.6,186
100643,1,1,0.0,1
51308,96,52,0.29,62
5883,256,244,0.11,1790
74837,46,46,0.35,410
83912,35,32,0.52,50
82628,36,34,0.15,104
50978,97,84,0.27,277
101303,1,1,0.0,2
100651,1,1,0.0,2
54509,90,90,0.19,128
25931,166,164,0.29,384
18936,206,196,0.46,694
722,318,184,0.5,234
35568,131,71,0.47,461
100479,1,1,0.0,1
19661,203,196,0.3,969
19167,206,189,0.34,457
100759,1,1,0.0,1
80052,39,37,0.21,155
97360,24,24,0.02,1512
95365,25,25,0.01,476
25172,171,157,0.36,258
24248,176,82,0.41,71
81767,38,38,0.06,539
80679,39,39,0.41,164
100346,23,23,0.55,56
32465,140,72,0.15,121
100318,23,18,0.5,44
74012,48,45,0.19,134
70382,57,55,0.32,163
10092,239,225,0.02,7657
31971,142,142,0.05,1975
95862,25,19,0.53,17
78171,42,40,0.0,1
50780,97,30,0.57,37
88070,29,27,0.36,81
4257,259,201,0.18,795
894,285,133,0.38,138
82065,37,37,0.23,209
98399,24,24,0.04,802
90216,27,27,0.21,254
38933,114,84,0.2,1516
21179,197,186,0.11,635
101520,23,23,0.42,177
169,389,366,0.11,1925
580,334,120,0.21,165
52398,93,79,0.41,145
94109,23,16,0.17,23
102030,8,7,0.36,11
439,352,346,0.14,3123
93350,26,25,0.29,245
92263,25,25,0.0,105883
99026,23,23,0.31,86
45929,109,105,0.16,431
90512,27,27,0.05,596
97904,24,24,0.09,168
24809,172,146,0.25,282
56193,87,87,0.26,1155
90446,27,27,0.06,846
26393,164,114,0.25,142
38636,106,89,0.52,268
78830,29,29,0.44,97
100946,1,1,0.0,1
93251,20,4,0.0,5
101437,1,1,0.0,1
99389,23,23,0.57,44
95199,25,25,0.11,605
94935,25,24,0.04,45
86354,31,26,0.29,55
46259,109,109,0.05,1317
101900,1,1,0.0,1
4228,267,259,0.27,589
207,385,239,0.39,279
25139,171,161,0.02,13053
96353,24,17,0.46,41
90149,27,27,0.08,2116
89390,11,11,0.0,4
101510,1,1,0.0,1
101050,1,1,0.0,2
94440,25,24,0.13,54
66092,66,66,0.06,2420
264,382,334,0.32,1386
66125,66,66,0.12,937
39923,121,104,0.4,255
69689,59,17,0.0,20
531,331,309,0.13,1414
4680,264,246,0.23,1130
6494,253,247,0.08,3650
75234,45,34,0.18,88
39033,122,122,0.14,1795
37052,116,116,0.18,685
161,390,121,0.17,883
99759,1,1,0.0,1
792,311,293,0.05,2652
100947,1,1,0.0,1
61373,77,77,0.03,1997
61406,77,77,0.02,1735
101948,1,1,0.0,2
63155,73,71,0.63,63
100957,23,23,0.22,148
88632,29,20,0.48,91
75695,44,26,0.07,73
35666,109,85,0.09,871
31541,143,143,0.15,679
50219,96,54,0.47,43
300,360,164,0.02,4548
22499,185,152,0.2,318
19133,206,200,0.13,1541
66521,65,65,0.01,4019
39527,122,122,0.25,483
101613,1,1,0.0,1
75666,45,42,0.41,237
40748,120,120,0.29,514
76817,43,38,0.18,98
81305,38,38,0.28,540
22110,185,157,0.39,197
51275,97,80,0.04,237
47843,104,67,0.49,144
80546,39,38,0.3,226
72794,51,51,0.19,730
758,313,302,0.04,2189
64310,70,70,0.19,298
72958,51,51,0.36,533
61340,77,77,0.18,1616
11050,233,206,0.15,1673
36030,130,130,0.04,1784
395,357,260,0.07,7785
101582,1,1,0.0,2
65961,66,66,0.13,980
23720,180,173,0.46,572
100315,23,21,0.43,54
93086,18,11,0.42,12
33224,137,137,0.02,8887
902,300,242,0.13,3481
47217,107,82,0.12,353
41772,115,52,0.39,88
686,323,315,0.09,1124
53157,93,68,0.1,464
36953,128,128,0.17,3088
51176,96,64,0.29,87
83054,36,36,0.24,160
54740,89,89,0.19,872
52859,93,93,0.05,497
38736,123,121,0.35,482
57017,86,86,0.05,935
63221,73,73,0.06,1920
90017,27,27,0.15,146
93284,26,25,0.36,121
87542,12,12,0.22,150
62396,73,48,0.06,71
99125,23,23,0.51,91
2336,264,214,0.15,3230
30485,149,149,0.08,711
99257,23,9,0.1,29
55499,88,85,0.27,155
70119,51,51,0.19,623
100082,8,5,0.59,17
36294,126,55,0.18,289
48437,103,101,0.22,706
67247,64,64,0.01,7014
94604,24,24,0.2,49
29099,155,152,0.33,1160
54311,91,89,0.1,296
56621,87,87,0.35,268
46424,108,94,0.52,122
77115,43,43,0.02,1276
29396,154,145,0.32,249
46986,106,71,0.53,45
72263,34,28,0.29,62
95430,25,25,0.04,246
4717,264,155,0.14,970
489,342,115,0.56,213
74903,44,40,0.27,96
101518,1,1,0.0,2
75497,45,45,0.31,506
53915,92,90,0.28,290
11444,229,223,0.06,5368
101898,1,1,0.0,1
101614,1,1,0.0,2
468,346,253,0.7,380
532,337,217,0.36,223
19760,201,133,0.29,146
1412,289,107,0.52,63
54278,91,91,0.07,646
31706,142,137,0.18,489
10487,235,222,0.2,1488
92624,26,26,0.22,383
43487,115,96,0.17,441
1036,293,281,0.22,647
72395,50,34,0.3,54
64739,68,41,0.24,88
98366,2,2,0.06,16
74244,47,47,0.36,171
99191,13,13,0.63,52
72329,51,51,0.29,278
85859,32,31,0.39,92
81900,37,37,0.23,175
67610,63,63,0.24,544
63023,73,63,0.31,90
104,394,345,0.06,2386
69854,58,52,0.53,90
260,382,280,0.1,4595
86948,31,31,0.11,725
40682,118,49,0.67,52
98879,24,24,0.21,334
101605,1,1,0.0,1
101469,1,1,0.0,1
61175,78,39,0.37,52
91271,8,7,0.0,11
96518,24,24,0.09,266
83618,35,32,0.45,60
85727,10,10,0.19,333
100959,23,23,0.2,582
87443,30,30,0.07,270
43987,114,107,0.23,721
81240,38,12,0.41,17
66753,65,65,0.04,760
13855,222,215,0.19,923
97014,11,11,0.35,55
755,313,285,0.31,1527
14909,219,200,0.24,429
62000,75,71,0.23,311
77642,43,43,0.01,58070
32135,142,129,0.08,698
92860,26,26,0.13,320
42431,116,85,0.52,145
95693,25,25,0.05,294
100613,1,1,0.0,2
92558,26,25,0.11,363
101514,1,1,0.0,2
41177,117,117,0.16,1197
61142,73,48,0.2,49
85760,32,32,0.55,93
20586,198,188,0.02,6758
76124,44,44,0.26,199
97178,24,24,0.49,55
99891,1,1,0.0,2
43190,112,52,0.43,72
91733,6,6,0.08,144
28208,158,146,0.45,670
716,305,287,0.07,1943
80645,39,39,0.08,323
21,407,397,1.0,7290
77116,43,43,0.03,451
95200,25,25,0.07,1221
823,309,135,0.44,195
26723,164,164,0.09,1197
75530,45,45,0.04,390
101039,20,20,0.26,434
100513,1,1,0.0,2
715,318,312,0.01,21605
680,322,259,0.45,684
31343,144,144,0.03,1762
86816,31,31,0.01,1243
94242,10,10,0.26,50
42366,116,116,0.25,878
26228,165,151,0.13,1010
71736,53,53,0.48,1288
51243,97,67,0.44,89
32498,140,109,0.19,545
88202,29,27,0.02,192
99290,23,23,0.18,115
95396,10,10,0.03,174
22862,184,183,0.13,1615
34214,135,135,0.04,898
86684,31,31,0.07,515
62166,75,75,0.16,2113
101040,23,20,0.24,153
96221,25,25,0.06,344
100874,1,1,0.0,0
97345,24,20,0.06,97
74507,40,23,0.06,33
98564,23,21,0.4,53
58073,82,63,0.57,70
68798,61,61,0.18,1427
31178,145,130,0.3,1416
78401,41,27,0.53,60
384,358,352,0.09,1506
81272,38,38,0.41,274
3580,279,230,0.44,346
97475,24,24,0.28,144
5011,262,254,0.13,1465
99893,1,1,0.0,2
77874,42,28,0.6,43
87707,30,28,0.14,119
94904,25,25,0.09,660
76454,43,27,0.83,36
7286,248,242,0.04,58962
100844,23,23,0.14,928
100652,1,1,0.0,2
46490,108,108,0.09,1839
25403,170,141,0.23,396
74079,47,47,0.05,879
89160,28,28,0.25,259
84011,34,34,0.18,176
89951,27,25,0.19,64
20849,197,170,0.28,237
49262,102,102,0.05,4477
37811,121,117,0.12,607
64475,69,68,0.1,443
88302,29,23,0.15,46
3161,283,223,0.13,733
85265,32,32,0.3,99
83120,36,36,0.03,1311
99752,1,1,0.0,1
99917,1,1,0.0,2
80680,39,39,0.12,706
81140,38,38,0.1,334
96123,25,20,0.05,38
100942,1,1,0.0,2
101946,1,1,0.0,1
100841,5,2,0.62,8
77479,43,42,0.18,125
100753,1,1,0.0,2
83516,35,34,0.73,64
48338,103,103,0.1,1313
92822,26,26,0.08,225
100748,1,1,0.0,2
78500,42,42,0.33,359
97211,24,24,0.15,152
78303,42,42,0.41,298
78304,42,42,0.3,673
21311,197,173,0.22,724
46853,108,75,0.28,292
5669,257,193,0.41,691
99092,23,15,0.71,17
79787,40,37,0.39,136
4943,262,255,0.21,2235
52463,94,94,0.09,887
93614,26,19,0.44,214
101947,1,1,0.0,2
97586,24,23,0.17,47
43784,114,107,0.05,4942
62792,64,64,0.01,1194
14778,219,125,0.15,510
98433,24,24,0.52,56
97443,24,19,0.37,67
37580,126,126,0.12,1901
57380,79,39,0.63,43
92726,26,26,0.35,68
92327,26,26,0.35,68
10388,237,231,0.29,1393
95462,25,25,0.04,333
100049,1,1,0.0,1
43158,115,115,0.02,6582
354,362,356,0.22,3016
101534,22,13,0.1,29
101908,1,1,0.0,1
101910,1,1,0.0,2
99158,23,23,0.03,1149
81932,15,9,0.44,32
100380,1,1,0.0,1
71075,54,30,0.61,36
74078,45,29,0.52,42
48041,86,86,0.31,345
34181,135,119,0.32,882
89490,28,28,0.27,121
70712,55,55,0.04,749
72923,50,49,0.32,413
73352,49,48,0.31,175
101471,1,1,0.0,2
32762,139,130,0.27,359
97772,14,14,0.03,365
445,350,320,0.42,1018
101517,1,1,0.0,1
911,298,269,0.11,976
99887,1,1,0.0,2
21938,192,167,0.21,272
93845,25,25,0.49,87
78896,37,27,0.36,36
76091,44,44,0.25,368
78071,42,42,0.24,649
39299,122,122,0.31,402
87641,30,30,0.08,139
42367,116,116,0.09,954
49724,101,101,0.1,681
92525,26,26,0.28,130
30716,147,123,0.29,363
94076,25,24,0.54,46
51407,96,96,0.04,4392
101864,1,1,0.0,2
8375,244,196,0.23,223
89159,17,6,0.17,6
101056,1,1,0.0,2
37317,127,126,0.11,2367
36227,129,126,0.09,539
101042,1,1,0.0,2
992,295,289,0.08,2241
69921,58,40,0.3,71
100349,11,7,0.79,19
38801,123,107,0.19,220
91370,26,26,0.21,375
99897,1,1,0.0,2
86981,31,31,0.09,353
58436,83,83,0.39,28
58469,83,83,0.11,95
91933,26,26,0.28,424
25337,170,170,0.37,595
14414,203,10,0.5,10
76289,44,44,0.05,1895
93649,26,26,0.22,357
58106,83,52,0.39,92
72957,51,50,0.19,275
425,353,323,0.17,334
77972,42,42,0.74,69
79094,40,37,0.56,70
99921,23,23,0.03,578
79259,41,40,0.39,110
36986,128,122,0.21,622
9563,240,234,0.0,80696
95366,25,25,0.1,82
632,322,169,0.24,231
84110,26,26,0.08,411
47315,107,107,0.14,813
54014,92,91,0.44,547
62726,74,38,0.27,37
72890,51,48,0.15,287
30849,147,145,0.09,706
101940,1,1,0.0,1
84176,34,34,0.26,714
100316,5,3,0.62,13
101270,22,17,0.0,18
84407,34,31,0.21,87
22111,186,183,0.05,11145
99755,1,1,0.0,2
99719,23,23,0.44,277
56093,87,54,0.36,89
85034,28,25,0.89,36
3587,278,259,0.31,1029
96189,21,16,0.52,62
101105,1,1,0.0,1
59658,81,27,0.08,25
70184,57,57,0.39,585
888,301,255,0.21,614
703,320,314,0.1,3025
417,354,347,0.41,780
51836,96,96,0.2,1871
72960,51,51,0.24,1017
47513,102,30,0.0,36
36392,129,129,0.43,423
46094,108,108,0.41,548
88697,7,6,0.47,15
23654,180,119,0.43,118
84539,33,33,0.1,379
83252,20,6,0.0,5
837,306,299,0.07,6699
93087,25,18,0.44,16
69986,42,35,0.38,48
35105,132,127,0.51,353
57413,85,81,0.2,162
99766,1,1,0.0,1
90744,11,11,0.37,183
42926,115,109,0.3,457
93152,6,5,0.21,24
79160,41,29,0.33,45
93779,25,25,0.49,156
23621,182,179,0.05,1960
27350,161,146,0.43,627
99890,1,1,0.0,2
65630,67,47,0.35,388
58634,83,66,0.66,62
658,325,270,0.44,221
32432,141,141,0.25,1020
75762,44,44,0.16,362
101583,1,1,0.0,2
78731,41,41,0.19,334
99356,23,23,0.38,261
34709,133,133,0.11,1438
60317,79,72,0.44,161
71438,54,54,0.25,256
76092,44,43,0.62,146
79260,41,39,0.15,185
100754,1,1,0.0,2
1492,290,213,0.13,1575
13457,224,218,0.14,1415
86189,31,31,0.59,158
22994,168,114,0.5,130
94672,25,25,0.09,1148
67775,63,55,0.26,325
74177,39,31,0.02,3563
21542,195,189,0.26,634
100577,1,1,0.0,1
94208,25,25,0.16,162
44312,113,112,0.09,4807
54443,90,81,0.04,576
9662,240,234,0.0,87083
68732,61,61,0.12,681
15206,219,213,0.08,1486
91139,26,26,0.36,105
46226,109,94,0.34,181
41508,117,98,0.2,649
95201,25,25,0.08,1101
86057,26,17,0.44,27
85728,10,5,0.25,4
12533,225,205,0.19,2013
93746,24,14,0.34,38
368,360,354,0.18,4379
73286,50,50,0.05,1033
51440,96,96,0.05,4763
98565,24,24,0.37,260
101043,1,1,0.0,1
98400,24,20,0.16,131
76949,43,39,0.14,72
65762,66,66,0.7,88
61013,77,69,0.18,230
89654,28,26,0.12,139
6593,252,120,0.4,167
101937,1,1,0.0,1
87311,30,30,0.04,254
15965,215,209,0.36,833
24776,173,147,0.45,316
101206,23,23,0.06,199
87806,30,20,0.08,39
24810,172,172,0.18,3365
65927,66,65,0.2,1312
65696,66,44,0.55,78
96584,24,15,0.19,21
95299,25,25,0.29,301
93449,26,26,0.08,1156
28109,158,101,0.36,119
62627,73,28,0.5,52
96716,24,24,0.37,79
59459,82,79,0.07,272
97707,24,24,0.81,42
82988,36,31,0.1,42
59690,81,70,0.32,112
70679,55,53,0.29,179
95957,25,25,0.03,232
101831,1,1,0.0,2
95924,25,19,0.12,25
68138,62,55,0.18,158
69359,46,29,0.17,108
62759,74,74,0.11,394
95297,25,25,0.11,244
44016,114,114,0.05,633
101935,1,1,0.0,1
100744,1,1,0.0,2
71867,52,52,0.13,4777
100749,1,1,0.0,2
101667,1,1,0.0,1
23819,171,158,0.25,492
98337,24,16,0.19,26
100512,1,1,0.0,1
3062,282,161,0.04,1091
88598,29,14,0.0,21
100755,1,1,0.0,2
99761,1,1,0.0,1
99757,1,1,0.0,2
95176,25,25,0.03,203
95133,25,25,0.05,312
5273,260,182,0.35,1011
44543,105,83,0.27,196
87905,30,14,0.29,31
25,407,401,1.0,5907
75200,44,41,0.27,91
50615,98,98,0.36,303
36194,129,128,0.08,2235
44346,113,72,0.38,120
35831,130,126,0.26,615
25370,170,170,0.34,525
62297,74,57,0.33,90
82856,36,30,0.33,52
1045,292,286,0.2,2201
92625,8,8,0.59,98
24249,176,176,0.01,39127
97773,13,10,0.0,3
89027,29,25,0.46,57
9663,240,234,0.0,83057
74870,29,28,0.37,70
25007,171,116,0.29,466
101932,1,1,0.0,1
94010,25,4,1.0,2
982,296,264,0.21,1953
41705,117,98,0.2,226
78698,26,24,0.55,78
39198,122,122,0.5,429
39199,122,122,0.54,423
39230,122,122,0.33,743
39200,122,122,0.53,418
39201,122,122,0.54,413
39202,122,122,0.39,395
39203,122,122,0.39,576
39231,122,122,0.35,341
39232,122,122,0.43,501
39204,122,121,0.41,423
39205,122,122,0.29,283
39206,122,122,0.33,471
39207,122,121,0.5,380
39208,122,122,0.33,485
39233,122,121,0.28,281
39209,122,122,0.27,317
39210,122,122,0.27,304
39234,122,122,0.26,300
39211,122,122,0.45,360
39213,122,122,0.35,392
39235,122,121,0.19,273
89192,28,19,0.24,29
93878,24,18,0.26,23
87014,23,23,0.37,104
36656,128,127,0.22,1552
558,336,319,0.18,857
95926,25,21,0.06,71
280,364,358,0.29,1259
61604,77,74,0.16,129
422,354,348,0.23,1440
91403,26,26,0.21,189
34742,133,128,0.47,121
99892,1,1,0.0,2
70481,37,37,0.31,279
100653,1,1,0.0,2
48008,105,105,0.12,794
22113,186,137,0.07,10764
66818,65,65,0.12,250
3507,281,212,0.09,1645
99224,23,22,0.56,36
96881,23,22,0.43,46
87113,30,30,0.19,254
83846,35,35,0.28,78
98762,24,24,0.19,124
101911,1,1,0.0,2
40814,119,111,0.41,359
101576,1,1,0.0,0
36722,128,128,0.12,1077
41639,116,114,0.21,211
73255,50,50,0.3,211
63683,72,72,0.07,682
101585,1,1,0.0,2
35435,124,119,0.3,230
94905,25,25,0.07,269
59063,82,80,0.01,237
36524,129,129,0.05,6522
101609,1,1,0.0,1
101578,1,1,0.0,0
99422,23,23,0.11,374
37184,127,126,0.0,1
75960,44,44,0.09,1278
90613,27,22,0.18,50
440,351,306,0.14,3972
83186,36,36,0.11,970
38075,124,122,0.19,594
51408,96,96,0.04,2440
17681,212,81,0.3,405
58370,83,83,0.29,1234
80447,39,39,0.17,609
91866,26,26,0.23,275
101513,1,1,0.0,2
876,303,256,0.71,505
26492,164,164,0.2,1865
52177,91,91,0.07,445
97112,24,20,0.01,203
84440,34,34,0.16,80
64970,68,68,0.28,435
97939,23,23,0.77,61
13226,224,210,0.27,633
99889,1,1,0.0,2
48570,103,102,0.1,1915
11712,228,146,0.08,705
12966,225,202,0.34,290
88796,26,21,0.18,161
64079,63,58,0.55,103
93647,26,26,0.15,114
37514,126,57,0.36,89
91931,26,25,0.26,498
74573,46,46,0.09,610
77477,43,43,0.28,330
97541,24,24,0.32,121
77510,43,43,0.04,582
83945,26,26,0.16,257
80087,39,39,0.11,350
83219,36,36,0.03,228
87410,29,28,0.21,72
93944,5,5,0.4,42
54246,91,65,0.31,136
95858,25,25,0.23,493
32036,142,138,0.23,1891
93680,26,26,0.11,752
166,389,333,0.14,1600
128,393,370,0.44,564
72560,51,51,0.19,803
43289,115,115,0.04,1019
99554,21,21,0.7,27
56721,86,82,0.14,282
29297,155,155,0.23,584
74906,46,46,0.21,447
99620,1,1,1.0,2
85001,33,33,0.27,334
97179,24,17,0.22,23
19859,202,194,0.18,1685
22631,184,163,0.06,1511
24875,172,148,0.3,268
99851,23,22,0.47,62
93911,25,25,0.35,283
39066,122,121,0.21,1478
38966,122,122,0.23,1770
27548,160,143,0.47,394
33950,136,124,0.43,150
31113,129,113,0.05,8937
81141,16,16,0.45,38
100943,1,1,0.0,1
84869,33,33,0.18,238
82790,36,36,0.12,250
256,378,345,0.32,511
70415,56,51,0.16,675
93416,16,10,0.5,22
27153,162,141,0.43,185
39593,121,121,0.28,612
180,388,378,0.26,1164
99521,2,2,0.64,14
34940,132,88,0.51,111
74310,42,42,0.11,692
90678,27,27,0.07,303
101044,1,1,0.0,1
75002,46,37,0.52,52
91834,26,26,0.09,281
80876,29,28,0.31,324
5438,259,217,0.16,2870
99587,23,23,0.66,70
4185,268,230,0.18,1060
43817,114,112,0.21,341
3586,277,204,0.29,254
94934,25,25,0.12,277
35930,119,82,0.64,160
49988,100,100,0.54,196
897,301,294,0.25,1488
100615,22,20,0.7,27
667,325,304,0.27,856
50054,100,100,0.14,298
26129,160,154,0.36,352
47810,105,94,0.33,187
47348,107,84,0.08,436
99788,1,1,1.0,2
1709,287,129,0.39,152
57283,86,83,0.25,268
101604,1,1,0.0,2
4778,263,240,0.22,568
100412,1,1,0.0,1
100775,23,23,0.08,382
78797,21,13,0.67,21
54476,90,64,0.3,82
35832,130,128,0.42,674
127,393,232,0.14,1664
97805,24,11,0.15,13
38306,124,99,0.23,637
101472,1,1,0.0,1
585,333,327,0.04,3683
101620,23,22,0.29,28
787,307,299,0.08,3420
101938,1,1,0.0,1
77246,43,43,0.23,229
33917,136,136,0.3,1024
517,339,301,0.18,2374
93153,25,24,0.03,39
511,340,314,0.13,1259
92360,23,14,0.04,53
94375,3,2,0.0,3
85529,32,32,0.43,35
91899,26,26,0.39,209
63518,72,72,0.06,646
94538,25,25,0.08,256
18902,207,191,0.32,425
94245,25,25,0.27,582
100742,1,1,0.0,2
80183,39,39,0.35,256
57051,85,23,0.7,23
28209,157,127,0.57,422
571,326,156,0.13,189
11895,227,221,0.29,1418
94642,25,25,0.1,299
88103,29,29,0.04,920
22114,186,168,0.1,1259
38769,122,104,0.39,196
58173,82,49,0.39,83
95265,25,25,0.1,262
59492,81,79,0.03,489
92393,5,5,0.0,28
22115,171,171,0.04,9634
3890,275,255,0.36,1029
99950,23,23,0.55,76
95860,13,13,0.0,33
77576,43,43,0.06,1025
101504,1,1,0.0,1
48042,105,105,0.2,671
60020,80,80,0.05,853
3789,276,269,0.07,1720
98928,23,19,0.12,24
80513,39,39,0.12,174
80579,39,39,0.15,199
89984,27,27,0.08,103
74375,47,46,0.16,189
18572,208,199,0.35,560
60977,77,62,0.47,129
22895,184,182,0.34,197
31211,131,97,0.49,89
99787,12,9,0.66,29
49196,102,102,0.13,1833
51110,97,96,0.13,234
51341,97,91,0.15,157
95927,24,21,0.12,41
32696,139,139,0.11,940
74045,47,47,0.23,201
100121,23,18,0.24,33
10784,215,44,0.44,59
81306,38,38,0.21,230
6825,250,244,0.2,1919
19463,195,188,0.33,1105
80612,34,34,0.35,89
90281,27,27,0.31,274
2237,286,280,0.1,3540
90552,27,27,0.08,331
90615,27,27,0.06,390
98465,24,24,0.22,190
96551,24,21,0.22,45
97411,19,19,0.39,79
79721,25,25,0.39,191
57347,85,68,0.12,128
73121,50,50,0.09,1982
986,295,87,0.11,91
73220,50,50,0.13,705
73221,50,50,0.16,608
81800,38,38,0.19,881
95198,25,25,0.03,485
6791,250,214,0.14,587
101603,1,1,0.0,1
98831,9,6,0.33,9
100610,1,1,0.0,1
75993,36,36,0.37,158
95594,24,21,0.57,46
60548,79,79,0.1,1655
50186,100,67,0.3,125
87839,30,30,0.02,1313
101516,1,1,0.0,2
101602,1,1,0.0,1
101612,1,1,0.0,1
100544,1,1,0.0,2
101944,1,1,0.0,1
101336,1,1,0.0,2
99886,1,1,0.0,2
100752,1,1,0.0,2
101468,1,1,0.0,1
100941,1,1,0.0,2
99898,1,1,0.0,2
100647,1,1,0.0,1
101053,1,1,0.0,1
101506,1,1,0.0,2
99760,1,1,0.0,1
101899,1,1,0.0,2
100950,1,1,0.0,2
101902,1,1,0.0,1
100480,1,1,0.0,2
99754,1,1,0.0,1
101579,1,1,0.0,2
100650,1,1,0.0,2
101045,1,1,0.0,2
101574,1,1,0.0,0
100745,1,1,0.0,2
101939,1,1,0.0,1
22169,185,167,0.29,192
96914,24,22,0.43,68
101945,1,1,0.0,1
40055,121,86,0.42,194
96188,25,25,0.32,148
85101,22,21,0.19,143
91272,26,26,0.25,153
95300,25,25,0.12,392
63782,71,71,0.09,224
5738,257,242,0.08,14531
100319,23,22,0.42,43
97476,24,24,0.3,159
101051,1,1,0.0,2
9729,240,184,0.13,693
101600,1,1,0.0,1
100656,1,1,0.0,2
93317,26,25,0.41,54
75729,44,44,0.17,218
63353,73,40,0.55,29
96980,3,3,0.86,29
97046,24,24,0.05,283
72561,51,51,0.07,562
609,330,320,0.25,2255
803,311,303,0.22,1798
36559,128,92,0.18,172
59724,81,81,0.05,1832
22116,186,186,0.03,4978
72956,51,51,0.17,532
101907,1,1,0.0,2
33524,137,137,0.02,7352
76322,44,44,0.02,1243
75992,44,44,0.04,517
76026,44,44,0.09,185
68039,62,62,0.24,262
99059,23,23,0.21,716
98135,24,20,0.03,35
97739,24,24,0.13,263
23786,170,159,0.04,7710
42465,116,116,0.05,872
76916,43,43,0.1,1046
68897,60,56,0.32,658
204,374,343,0.22,1076
38702,123,118,0.14,624
94675,25,25,0.07,1416
101503,1,1,0.0,2
101502,1,1,0.0,1
100545,1,1,0.0,1
7682,233,183,0.39,102
101304,1,1,0.0,1
77015,43,43,0.06,1776
8243,246,234,0.15,1661
90614,25,25,0.09,222
17186,212,206,0.08,1679
58337,84,84,0.14,260
21608,195,181,0.29,501
45997,109,95,0.11,247
101943,1,1,0.0,1
72891,51,43,0.06,34
76586,41,23,0.32,60
168,389,366,0.22,1529
537,337,195,0.38,263
49064,102,59,0.23,60
101798,1,1,0.0,0
100215,7,4,0.5,14
77312,43,43,0.09,509
20354,199,183,0.16,1866
370,360,340,0.12,1298
88334,12,12,0.24,25
100958,1,1,0.0,2
99455,23,21,0.75,73
86123,23,23,0.27,188
83714,35,35,0.16,677
86850,31,31,0.02,519
75635,45,43,0.21,528
92855,26,26,0.2,400
100649,1,1,0.0,2
67082,64,64,0.2,273
82427,36,19,0.27,22
95928,25,25,0.02,384
92921,26,26,0.47,222
78599,41,39,0.52,85
3889,275,269,0.06,16075
100751,1,1,0.0,2
90842,27,22,0.11,57
43422,115,115,0.29,543
227,384,368,0.16,3664
95892,8,8,0.23,26
100117,23,19,0.13,60
648,325,205,0.32,339
69656,59,44,0.25,505
660,325,275,0.28,311
101237,1,1,0.0,0
88136,29,29,0.22,405
92988,26,26,0.04,230
43818,114,114,0.17,750
512,339,197,0.48,242
48074,105,105,0.31,371
101571,1,1,0.0,2
57183,86,86,0.14,4563
99767,1,1,0.0,1
42960,100,63,0.42,79
39329,121,104,0.22,233
83384,35,35,0.42,100
623,330,322,0.18,1693
92690,19,19,0.03,251
93383,26,26,0.12,96
76323,44,44,0.31,156
83879,35,32,0.63,71
39494,122,116,0.38,189
38802,123,123,0.06,2061
101515,1,1,0.0,2
101512,1,1,0.0,2
22,407,401,1.0,6672
89852,27,27,0.09,296
62891,73,73,0.45,238
101049,1,1,0.0,1
4910,263,211,0.2,455
75498,45,45,0.14,511
27878,159,135,0.13,283
63584,72,71,0.34,308
59360,82,82,0.06,250
96122,24,16,0.48,23
84836,18,18,0.1,270
62264,74,62,0.37,235
101581,1,1,0.0,2
32234,141,141,0.02,1555
19265,206,43,0.68,37
11675,228,221,0.36,401
42204,116,71,0.43,122
72527,51,46,0.35,104
16790,213,207,0.19,1406
649,326,301,0.23,393
711,320,314,0.0,1
12968,223,98,0.08,127
100657,1,1,0.0,2
58403,82,47,0.11,94
86024,32,32,0.48,130
100746,1,1,0.0,2
57116,86,54,0.21,279
62033,75,71,0.1,165
22138,185,165,0.03,2566
94803,25,25,0.13,467
94837,7,7,0.06,390
59426,82,82,0.26,1235
91838,26,26,0.25,246
90480,7,7,0.47,62
71999,51,31,0.12,58
29726,152,124,0.18,1583
51902,96,91,0.64,104
49099,99,99,0.12,684
88499,19,19,0.1,478
42664,116,116,0.02,2678
98103,24,24,0.72,80
51374,96,96,0.09,1799
98729,24,21,0.04,180
86618,31,30,0.18,159
28010,159,132,0.03,263
67676,44,38,0.49,63
101569,1,1,0.0,2
22236,186,186,0.23,1880
88169,29,25,0.19,48
16823,213,201,0.28,1054
584,333,254,0.1,395
85232,30,23,0.5,34
100843,7,5,1.0,10
24116,186,141,0.04,646
46556,108,108,0.16,3409
101610,1,1,0.0,1
101041,1,1,0.0,1
907,299,276,0.25,695
92657,26,26,0.3,824
97145,24,24,0.23,377
179,388,198,0.34,267
31838,142,138,0.25,1274
35303,131,131,0.32,1003
48668,91,59,0.07,15
1022,294,278,0.06,768
210,385,379,0.11,1164
66323,66,61,0.26,102
54707,90,62,0.26,85
17747,212,206,0.17,1068
899,294,23,0.41,17
82658,36,36,0.22,395
100348,20,20,0.11,245
79557,25,25,0.12,59
101054,1,1,0.0,2
624,328,322,0.03,9917
48306,103,57,0.62,53
78270,42,40,0.21,260
100757,1,1,0.0,2
100052,10,10,0.46,70
81107,38,38,0.44,157
713,319,299,0.21,660
95231,25,13,0.17,23
56786,86,78,0.18,182
528,338,331,0.33,1401
92294,26,25,0.34,120
66986,64,64,0.13,1145
70811,54,44,0.35,74
92132,26,26,0.19,193
75564,45,42,0.23,88
98993,23,22,0.34,148
95925,25,18,0.15,33
94902,25,25,0.12,779
95891,25,18,1.0,8
99763,1,1,0.0,1
91008,15,7,0.67,6
46987,107,103,0.24,713
91140,26,25,0.29,143
79128,41,29,0.26,134
793,312,241,0.42,538
88994,29,27,0.46,269
101305,1,1,0.0,2
41111,118,117,0.16,249
41078,118,112,0.19,186
98698,24,24,0.11,112
66290,66,66,0.07,702
59294,81,52,0.18,121
73880,48,48,0.09,707
71009,46,46,0.31,278
90551,27,26,0.35,236
3591,278,271,0.25,1206
101505,1,1,0.0,2
100478,1,1,0.0,2
99762,1,1,0.0,1
70714,55,55,0.26,1059
101699,2,2,0.0,0
94243,7,7,0.07,29
100446,1,1,0.0,2
72858,51,51,0.22,738
51671,95,84,0.29,97
101572,1,1,0.0,0
12969,225,219,0.15,1134
64442,69,58,0.52,83
13622,202,196,0.24,1610
91835,26,25,0.08,89
22269,182,182,0.16,2002
100709,1,1,0.0,2
100314,23,23,0.45,49
101338,1,1,0.0,1
75794,44,38,0.31,89
89687,28,24,0.6,40
48834,102,78,0.04,118
48932,102,102,0.12,73
40815,119,88,0.36,439
9629,240,228,0.21,1103
78203,42,41,0.29,93
656,325,235,0.6,407
91766,23,20,0.15,61
42068,116,116,0.01,1927
94736,5,5,0.55,20
14018,221,155,0.39,274
98663,24,24,0.15,110
19398,205,189,0.35,500
46952,104,35,0.52,48
58799,67,45,0.78,88
51044,97,65,0.53,111
97050,19,9,0.83,12
93780,25,25,0.3,97
80942,36,10,0.14,14
70349,57,34,0.55,69
52661,79,67,0.38,125
28901,156,70,0.69,58
60383,79,79,0.53,595
70250,57,57,0.86,88
808,312,215,0.5,344
88763,29,29,0.36,226
82625,36,36,0.18,329
68765,61,58,0.15,615
90549,27,27,0.67,57
100645,1,1,0.0,1
73187,50,50,0.16,351
92196,4,3,0.62,16
95165,25,25,0.01,2657
79028,40,32,0.38,63
32630,139,115,0.58,320
49197,102,102,0.11,1722
28,407,394,1.0,8489
48635,103,82,0.25,142
11181,230,212,0.06,421
88895,17,17,0.21,66
76686,44,44,0.15,688
45863,104,47,0.73,48
59888,70,67,0.26,566
94838,25,25,0.04,295
97079,6,6,0.27,70
65135,67,25,0.17,29
101700,23,23,0.22,32
63650,57,41,0.24,41
101949,23,23,0.1,103
58271,84,80,0.1,194
100658,1,1,0.0,2
76421,44,32,0.12,52
90116,27,27,0.02,169
292,377,371,0.18,2483
752,313,272,0.16,765
77147,43,43,0.02,457
100317,7,5,0.67,21
73419,44,43,0.71,190
933,297,263,0.4,293
72791,51,49,0.1,2742
90380,16,16,0.11,185
22829,184,74,0.44,91
55796,88,76,0.36,120
97013,23,22,0.28,127
89786,28,27,0.0,76
73023,50,32,0.5,32
48899,102,99,0.07,286
788,311,250,0.1,1315
89489,8,7,0.3,88
316,372,309,0.39,397
101903,1,1,0.0,2
39432,122,122,0.15,918
94835,25,25,0.11,885
15,407,401,1.0,4723
55730,88,88,0.14,1168
85661,32,32,0.22,450
90314,27,27,0.34,85
60713,79,76,0.17,231
63254,70,26,0.32,50
76883,43,43,0.21,347
81866,36,31,0.14,149
270,381,375,0.09,9549
101048,1,1,0.0,1
18771,207,201,0.17,682
220,385,303,0.18,251
84341,34,34,0.28,653
901,300,294,0.23,1546
30189,150,128,0.2,270
94839,24,21,0.27,26
91469,26,19,0.21,38
90743,24,11,0.33,18
77444,43,43,0.24,820
100750,1,1,0.0,2
76157,44,44,0.13,146
58667,83,53,0.09,79
100514,1,1,0.0,2
59030,82,82,0.04,466
94673,25,25,0.36,149
72793,51,49,0.56,125
73253,39,39,0.56,100
73154,50,50,0.17,642
54543,89,64,0.48,166
100612,1,1,0.0,2
84770,33,33,0.1,108
67478,59,22,0.78,9
82757,36,36,0.07,775
26063,166,161,0.42,206
72824,51,51,0.16,668
94274,25,25,0.11,654
73385,50,50,0.12,306
99785,23,23,0.45,74
89291,28,28,0.76,41
81307,38,38,0.13,530
60549,79,79,0.01,641
55598,88,88,0.13,1545
35006,132,107,0.62,73
20288,200,194,0.36,744
80284,39,39,0.31,498
82527,37,27,0.43,44
99983,23,23,0.09,229
91700,26,26,0.19,601
65102,67,67,0.32,481
95528,25,24,0.67,46
53817,92,92,0.06,389
64211,70,54,0.09,126
43092,114,114,0.1,1638
101666,21,19,0.69,29
50516,99,98,0.35,859
88466,29,21,0.14,37
101765,7,4,0.4,5
76257,44,44,0.17,308
56984,86,86,0.61,166
80909,38,38,0.11,624
23522,183,158,0.18,479
49163,102,72,0.44,117
94670,25,25,0.13,119
70713,36,36,0.08,288
86552,31,31,0.09,717
32531,140,140,0.23,1176
50582,98,95,0.28,377
91172,26,26,0.26,207
397,357,311,0.09,5913
340,367,351,0.17,1295
49361,102,102,0.1,2000
37976,125,125,0.22,1506
101573,1,1,0.0,0
47613,106,71,0.19,125
65168,67,67,0.29,473
59228,81,18,0.42,19
97376,23,23,0.17,12
95331,25,25,0.44,119
44973,112,112,0.05,1530
43850,113,88,0.13,229
100747,1,1,0.0,2
90612,26,17,0.41,22
25766,167,96,0.41,110
9794,240,200,0.06,5297
75069,45,45,0.25,672
13228,224,217,0.14,1256
100644,1,1,0.0,1
853,297,280,0.74,274
99885,1,1,0.0,2
748,314,307,0.26,732
19826,202,194,0.08,2191
59922,80,80,0.46,249
73616,41,36,0.05,720
76553,44,32,0.48,56
13919,221,164,0.25,568
1523,289,276,0.29,1904
40715,120,115,0.29,235
59460,82,53,0.08,184
101732,23,17,0.26,54
8606,221,214,0.07,1428
24512,176,117,0.68,161
36923,128,102,0.52,98
94903,25,25,0.05,1519
75630,45,44,0.11,680
31013,145,145,0.12,717
100611,1,1,0.0,1
100214,23,19,0.51,39
98880,24,23,0.68,71
95561,25,25,0.09,433
636,327,321,0.06,1845
76520,44,44,0.3,266
66455,65,65,0.04,4478
88862,28,25,0.11,102
61901,74,74,0.14,2647
90215,27,27,0.36,76
96090,25,25,0.02,589
89720,27,24,0.19,63
790,310,302,0.05,4158
63881,71,27,0.0,2
101205,1,1,0.0,1
99488,1,1,0.0,1
100119,1,1,0.0,1
99423,1,1,0.0,1
101058,1,1,0.0,0
100414,1,1,0.0,2
100148,1,1,0.0,2
100150,1,1,0.0,2
101519,1,1,0.0,1
100120,1,1,0.0,0
100122,1,1,0.0,1
99818,1,1,0.0,2
99951,1,1,0.0,2
101057,1,1,0.0,0
100118,1,1,0.0,2
100353,1,1,0.0,2
100149,1,1,0.0,1
82295,37,37,1.0,1353
60515,79,76,1.0,2139
60614,79,79,1.0,2366
61110,78,78,1.0,2218
88730,29,29,1.0,1737
